{"abstract_algebra": 0.04, "anatomy": 0.362962962962963, "astronomy": 0.20394736842105263, "business_ethics": 0.18, "clinical_knowledge": 0.44528301886792454, "college_biology": 0.3611111111111111, "college_chemistry": 0.17, "college_computer_science": 0.18, "college_mathematics": 0.0, "college_medicine": 0.20809248554913296, "college_physics": 0.22549019607843138, "computer_security": 0.58, "conceptual_physics": 0.4085106382978723, "econometrics": 0.12280701754385964, "electrical_engineering": 0.18620689655172415, "elementary_mathematics": 0.05291005291005291, "formal_logic": 0.1111111111111111, "global_facts": 0.1, "high_school_biology": 0.025806451612903226, "high_school_chemistry": 0.1477832512315271, "high_school_computer_science": 0.28, "high_school_european_history": 0.12727272727272726, "high_school_geography": 0.5404040404040404, "high_school_government_and_politics": 0.38341968911917096, "high_school_macroeconomics": 0.21025641025641026, "high_school_mathematics": 0.025925925925925925, "high_school_microeconomics": 0.3445378151260504, "high_school_physics": 0.08609271523178808, "high_school_psychology": 0.5743119266055046, "high_school_statistics": 0.06944444444444445, "high_school_us_history": 0.3088235294117647, "high_school_world_history": 0.2320675105485232, "human_aging": 0.5291479820627802, "human_sexuality": 0.45038167938931295, "international_law": 0.2066115702479339, "jurisprudence": 0.4444444444444444, "logical_fallacies": 0.49079754601226994, "machine_learning": 0.15178571428571427, "management": 0.44660194174757284, "marketing": 0.6794871794871795, "medical_genetics": 0.24, "miscellaneous": 0.5555555555555556, "moral_disputes": 0.34104046242774566, "moral_scenarios": 0.0, "nutrition": 0.3888888888888889, "philosophy": 0.5016077170418006, "prehistory": 0.4074074074074074, "professional_accounting": 0.14184397163120568, "professional_law": 0.19491525423728814, "professional_medicine": 0.3713235294117647, "professional_psychology": 0.4084967320261438, "public_relations": 0.4090909090909091, "security_studies": 0.1673469387755102, "sociology": 0.05472636815920398, "us_foreign_policy": 0.61, "virology": 0.4036144578313253, "world_religions": 0.5730994152046783, "all": 0.28856288278023073}